{"cameraMode":{"drawMode":0,"name":"Shaded","section":"Shading Mode"},"sceneLighting":false,"audioPlay":false,"sceneViewState":{"showFog":true,"showMaterialUpdate":false,"showSkybox":false,"showFlares":true,"showImageEffects":true,"showParticleSystems":true},"in2DMode":false,"pivot":{"x":-0.4000000059604645,"y":0.10000000149011612,"z":-0.10000000149011612},"rotation":{"x":0.17097577452659608,"y":-0.5252494215965271,"z":0.10866803675889969,"w":0.8264814019203186},"size":0.2857884168624878,"orthographic":false}