{"cameraMode":{"drawMode":0,"name":"Shaded","section":"Shading Mode"},"sceneLighting":true,"audioPlay":false,"sceneViewState":{"showFog":true,"showMaterialUpdate":false,"showSkybox":true,"showFlares":true,"showImageEffects":true,"showParticleSystems":true},"in2DMode":false,"pivot":{"x":-2.585476875305176,"y":-5.464033126831055,"z":-12.619955062866211},"rotation":{"x":0.4360599219799042,"y":-0.03078264556825161,"z":0.015047136694192887,"w":0.8992651700973511},"size":29.749345779418947,"orthographic":false}